{"cameraMode":{"drawMode":0,"name":"Shaded","section":"Shading Mode"},"sceneLighting":true,"audioPlay":false,"sceneViewState":{"m_AlwaysRefresh":false,"showFog":true,"showSkybox":true,"showFlares":true,"showImageEffects":true,"showParticleSystems":true,"showVisualEffectGraphs":true,"m_FxEnabled":true},"in2DMode":false,"pivot":{"x":84.8997573852539,"y":0.5662016868591309,"z":122.2296371459961},"rotation":{"x":0.1287960559129715,"y":-0.41714754700660708,"z":0.059844743460416797,"w":0.8976923823356628},"size":4.2998833656311039,"orthographic":false}